"M2_KNN","M2_KNN_uni","M2_KNN_uni_nvz"
"RB","RB","RB"
"RB","RB","RB"
"RB","RB","RB"
"RB","RB","RB"
"RB","NRB","RB"
"RB","RB","RB"
"RB","RB","RB"
"RB","RB","RB"
"RB","RB","RB"
"RB","RB","RB"
"RB","RB","RB"
"RB","RB","RB"
"RB","RB","RB"
"RB","RB","RB"
"RB","RB","RB"
"RB","RB","RB"
"RB","RB","RB"
"RB","RB","RB"
"RB","RB","RB"
"RB","RB","RB"
"RB","RB","RB"
"NRB","RB","RB"
"NRB","NRB","NRB"
"NRB","RB","RB"
"RB","RB","RB"
"RB","RB","RB"
"RB","RB","RB"
"NRB","NRB","RB"
"RB","RB","RB"
"RB","RB","RB"
"RB","RB","RB"
"RB","RB","RB"
"RB","RB","RB"
"RB","RB","RB"
"NRB","RB","NRB"
"RB","RB","RB"
"NRB","RB","RB"
"RB","RB","RB"
"RB","RB","RB"
"RB","RB","RB"
"RB","RB","RB"
"RB","RB","RB"
"RB","RB","RB"
"NRB","RB","RB"
"NRB","NRB","NRB"
"RB","RB","RB"
"NRB","RB","RB"
"RB","RB","RB"
"RB","RB","RB"
"RB","RB","RB"
"RB","RB","RB"
"RB","RB","RB"
"RB","RB","RB"
"NRB","NRB","RB"
"NRB","NRB","NRB"
"NRB","NRB","NRB"
"NRB","RB","RB"
"RB","RB","RB"
"RB","RB","RB"
"NRB","NRB","NRB"
"NRB","NRB","NRB"
"NRB","NRB","NRB"
"NRB","NRB","NRB"
"NRB","NRB","NRB"
"NRB","NRB","NRB"
"NRB","NRB","NRB"
"NRB","NRB","NRB"
"NRB","NRB","NRB"
"NRB","NRB","NRB"
"NRB","NRB","NRB"
"NRB","NRB","NRB"
"NRB","NRB","NRB"
"NRB","NRB","RB"
"NRB","NRB","NRB"
"NRB","NRB","NRB"
"NRB","NRB","NRB"
"NRB","NRB","NRB"
"NRB","NRB","NRB"
"NRB","RB","RB"
"NRB","NRB","NRB"
"NRB","NRB","NRB"
"NRB","NRB","NRB"
"NRB","NRB","NRB"
"NRB","NRB","NRB"
"NRB","NRB","NRB"
"NRB","NRB","NRB"
"NRB","NRB","NRB"
"NRB","NRB","NRB"
"NRB","NRB","NRB"
"NRB","NRB","NRB"
"NRB","NRB","NRB"
"NRB","NRB","NRB"
"NRB","NRB","NRB"
"NRB","NRB","NRB"
"NRB","NRB","NRB"
"NRB","NRB","NRB"
"NRB","NRB","NRB"
"NRB","NRB","NRB"
"NRB","NRB","NRB"
"NRB","NRB","NRB"
"NRB","NRB","NRB"
"NRB","NRB","NRB"
"NRB","NRB","NRB"
"NRB","NRB","NRB"
"NRB","NRB","NRB"
"RB","NRB","NRB"
"NRB","NRB","NRB"
"NRB","NRB","NRB"
"NRB","NRB","NRB"
"NRB","NRB","NRB"
"RB","RB","RB"
"NRB","NRB","NRB"
"RB","NRB","NRB"
"NRB","RB","NRB"
"NRB","NRB","NRB"
"NRB","NRB","NRB"
"NRB","NRB","NRB"
"NRB","NRB","NRB"
"NRB","RB","RB"
"NRB","NRB","NRB"
"NRB","NRB","NRB"
"NRB","NRB","NRB"
"NRB","NRB","NRB"
"NRB","NRB","NRB"
"NRB","NRB","NRB"
"NRB","NRB","NRB"
"NRB","NRB","NRB"
"NRB","NRB","NRB"
"NRB","NRB","NRB"
"NRB","NRB","NRB"
"NRB","NRB","NRB"
"NRB","NRB","NRB"
"NRB","NRB","NRB"
"RB","NRB","NRB"
"NRB","NRB","NRB"
"NRB","NRB","NRB"
"NRB","NRB","NRB"
"NRB","NRB","NRB"
"NRB","NRB","NRB"
"NRB","NRB","RB"
"RB","NRB","RB"
"NRB","NRB","NRB"
"NRB","NRB","RB"
"RB","NRB","NRB"
"NRB","NRB","NRB"
"NRB","NRB","NRB"
"NRB","NRB","NRB"
"NRB","NRB","NRB"
"NRB","RB","RB"
"RB","RB","RB"
"NRB","RB","RB"
"NRB","RB","NRB"
"NRB","NRB","NRB"
"NRB","NRB","NRB"
"NRB","NRB","NRB"
"NRB","NRB","NRB"
"NRB","NRB","NRB"
"NRB","NRB","NRB"
"NRB","NRB","NRB"
"NRB","NRB","NRB"
"RB","RB","RB"
"NRB","NRB","NRB"
"NRB","NRB","NRB"
"NRB","NRB","NRB"
"NRB","NRB","NRB"
"NRB","NRB","NRB"
"NRB","NRB","NRB"
"NRB","NRB","NRB"
"NRB","NRB","NRB"
"RB","RB","RB"
"NRB","NRB","RB"
"NRB","NRB","NRB"
"RB","RB","RB"
"RB","RB","RB"
"RB","NRB","NRB"
"RB","RB","RB"
"RB","RB","RB"
"RB","RB","RB"
"RB","RB","RB"
"NRB","RB","NRB"
"RB","RB","RB"
"NRB","NRB","NRB"
"NRB","NRB","NRB"
"NRB","NRB","NRB"
"NRB","NRB","NRB"
"NRB","NRB","NRB"
"NRB","NRB","NRB"
"NRB","NRB","NRB"
"NRB","NRB","NRB"
"NRB","NRB","NRB"
"NRB","NRB","NRB"
"NRB","NRB","NRB"
"NRB","NRB","NRB"
"NRB","NRB","NRB"
"NRB","NRB","NRB"
"NRB","NRB","NRB"
"NRB","NRB","NRB"
"NRB","NRB","NRB"
"NRB","NRB","NRB"
"NRB","NRB","NRB"
"NRB","NRB","NRB"
"RB","RB","RB"
"RB","RB","RB"
"NRB","NRB","NRB"
"NRB","NRB","NRB"
"NRB","NRB","NRB"
"NRB","NRB","NRB"
"NRB","NRB","NRB"
"NRB","NRB","NRB"
"NRB","NRB","NRB"
